Toyama Port;USS Tokyo;120000
Toyama Port;JU Tokyo;120000
Toyama Port;Honda Tokyo;120000
Toyama Port;CAA Tokyo;120000
Toyama Port;Aucnet Tokyo;120000
Toyama Port;JAA/ZiP;120000
Toyama Port;USS Yokohama;120000
Toyama Port;TAA Yokohama;120000
Toyama Port;Arai Bayside;120000
Toyama Port;NAA Tokyo;120000
Toyama Port;NAA Tokyo Nyusatsukai;120000
Toyama Port;Aucnet Kanagawa;120000
Toyama Port;ORIX Atugi;120000
Toyama Port;TAA Kantou;120000
Toyama Port;JU Chiba;120000
Toyama Port;SLC Tokyo Nyusatsu;120000
Toyama Port;SAKURA;120000
Toyama Port;Aucnet Chiba;120000
Toyama Port;JU Saitama;120000
Toyama Port;BCN;120000
Toyama Port;HERO;120000
Toyama Port;USS Saitama;120000
Toyama Port;JU Kanagawa;120000
Toyama Port;USS Gunma;120000
Toyama Port;Aucnet Gunma;120000
Toyama Port;JU Gunma;120000
Toyama Port;Arai Oyama;120000
Toyama Port;Arai Oyama Van-Truck;120000
Toyama Port;Aucnet Tochigi;120000
Toyama Port;JU Tochigi;120000
Toyama Port;Aucnet Ibaraki;120000
Toyama Port;JU Ibaraki;120000
Toyama Port;JU Shizuoka;120000
Toyama Port;USS Shizuoka;120000
Toyama Port;SAA Hamamatsu;120000
Toyama Port;Aucnet Shizuoka;120000
Toyama Port;JU Yamanashi;120000
Toyama Port;Aucnet Yamanashi;120000
Toyama Port;JU Gifu;120000
Toyama Port;CAA Gifu;120000
Toyama Port;Aucnet Aichi;120000
Toyama Port;JU Mie;120000
Toyama Port;NAA Nagoya;120000
Toyama Port;NAA Nagoya Nyusatsukai;120000
Toyama Port;Orix Sendai Tamokamai;120000
Toyama Port;Aucnet Miyagi;120000
Toyama Port;JU Akita;120000
Toyama Port;CAA Tohoku;120000
Toyama Port;USS Niigata;120000
Toyama Port;Aucnet Niigata;120000
Toyama Port;JU Niigata;120000
Toyama Port;JU Nagano;120000
Toyama Port;JU Toyama;120000
Toyama Port;Aucnet Toyama;120000
Toyama Port;USS Hokuriku;120000
Toyama Port;JU Ishikawa;120000
Toyama Port;Aucnet Ishikawa;120000
Toyama Port;ORIX Fukuoka;120000
Toyama Port;SMAP Fukuoka;120000
Toyama Port;SLC Kyushu Nyusatsu;120000
Toyama Port;TAA Kyushu;120000
Toyama Port;USS Fukuoka;120000
Toyama Port;Aucnet Kumamoto;120000
Toyama Port;JU Kumamoto;120000
Toyama Port;USS Kyushu;120000
Toyama Port;TAA Minami Kyushu;120000
Otaru Port;SAA Sapporo;120000
Otaru Port;TAA Hokkaido;120000
Otaru Port;Arai Bayside Hokkaido Tomakomai;120000
Otaru Port;Honda Hokaido;120000
Otaru Port;Ju Hokaido Hakodate;120000
Otaru Port;Ju Hokaido Kitami;120000
Otaru Port;Ju Hokaido Kushiro;120000
Otaru Port;Ju Hokaido Obishiro;120000
Otaru Port;Ju Hokaido /Ashaikawa;120000
Otaru Port;Ju Hokaido Muroran Tomakomai;120000
Otaru Port;Ju Hokaido /Sapporo;120000
Otaru Port;Lum Hokaido Tamokamai;120000
Otaru Port;Lum Sapporo;120000
Otaru Port;Zero Hokaido;120000
Otaru Port;USS Sapporo;120000
Maizuru;NAA Osaka;120000
Maizuru;Hanaten Osaka;120000
Maizuru;USS Kobe;120000
Maizuru;HAA Kobe;120000
Maizuru;Lease UP Kobe GE;120000
Maizuru;Aucnet Mie;120000
Maizuru;JU Mie;120000
Maizuru;JU Gifu;120000
Maizuru;JU Nara;120000
Maizuru;TAA KINKI;120000
Maizuru;IAA Osaka;120000
Maizuru;Aucnet Osaka;120000
Maizuru;ORIX Kobe;120000
Maizuru;SLC Kobe Nyusatsu;120000
Maizuru;SMAP Kobe;120000
Maizuru;Hiroshima;120000
Maizuru;Honda Kansai;120000
Maizuru;BAYAUC;120000
Maizuru;Aucnet Wakayama;120000
Maizuru;LAA Kansai;120000
Maizuru;ZIP Osaka;120000
Maizuru;Aucnet Kyoto;120000
Maizuru;USS Okayama;120000
Maizuru;KAA;120000
Maizuru;Aucnet Okayama;120000
Karstsu Port;KCAA Fukuoka;120000
Karstsu Port;JU Fukuoka;120000
Karstsu Port;Aucnet Fukuoka;120000
Karstsu Port;Honda Kyushu;120000
Karstsu Port;ORIX Fukuoka;120000
Karstsu Port;LUM Fukuoka/Kitakyushu;120000
Karstsu Port;SLC Kyushu Nyusatsu;120000
Karstsu Port;TAA Kyushu;120000
Karstsu Port;Naa Fukoka;120000
Karstsu Port;USS Fukuoka;120000
Karstsu Port;Aucnet Kumamoto;120000
Karstsu Port;JU Kumamoto;120000
Karstsu Port;Zero Xakata /Kumamoto;120000
Karstsu Port;USS Kyushu;120000
Karstsu Port;USS Kyushu Kagoshima;120000
Karstsu Port;Isuzu Kyushu;120000
Karstsu Port;Sls Fukuoka;120000
Karstsu Port;Nps Fukuoka;120000
Karstsu Port;KCAA Fukuoka Ebino/Minami Kyushu;120000
Karstsu Port;KCAA Fukuoka Yamaguchi;120000
Karstsu Port;JU Fukuoka/Kagoshima;120000
Karstsu Port;IPA Fukuoka;120000
Karstsu Port;TAA Minami Kyushu;120000
Hakata Port;KCAA Fukuoka;120000
Hakata Port;JU Fukuoka;120000
Hakata Port;Aucnet Fukuoka;120000
Hakata Port;Honda Kyushu;120000
Hakata Port;Honda Nagayo;120000
Hakata Port;TAA Chubu;120000
Hakata Port;CAA Chubu;120000
Hakata Port;TAA Fukushima;120000
Hakata Port;USS Tohoku;120000
Hakata Port;Taa Tohoku;120000
Hakata Port;Taa Tohoku Sendai;120000
Hakata Port;JU Miyagi;120000
Hakata Port;JU Fukushima;120000
Hakata Port;Arai Sendai;120000
Hakata Port;Honda Sendai;120000
Hakata Port;Orix Sendai;120000
